compound,section,correction_structure,correction_composition,correction_verdict,rwp_auto,rwp_manual,frac_auto_pct,frac_manual_pct,prx_e1,prx_e2,prx_e3,prx_e4,prx_proposed_sym,prx_indexed_sym,prx_candidates,prx_icsd_codes,prx_uncertain,scan_auto_sg,scan_auto_disordered,scan_mixed_sites,correction_rivals,auto_cif,auto_cif_sha256,auto_cif_resolved,man_cif,man_cif_sha256,man_cif_resolved,ordering_note
MgNi(PO3)4,main,confirmed,confirmed,confirmed,7.53,5.16,,90.79,1,0,1,0,C2/c (15),C2/c (15),Mg3(PO4)2; Ni3(PO4)2; (Ni;Mn)3(PO4)2,31005;153159;158525,0,C2/c,0,,Mg2(PO3)4 ICSD #4280 [ICSD 4280]; Ni2(PO3)4 ICSD #409092 [ICSD 409092],data/cifs/Automated_Refinement_Results/MgNi(PO3)4/MgNi(PO3)4.cif,e86fd5fba0a6fde3c45e9e904d8e5d3aaf02f1297a27d59a91dfe8c7ea084bbf,True,data/cifs/Manual_Refinement_Results/MgNi(PO3)4/MgNi(PO3)4.cif,d75b7cb7f25ef06487a18e61f2b58a13c6c2a11ebc5d75b53d2644e9422011a1,True,True
Mn4Zn3(NiO6)2,main,confirmed,confirmed,confirmed,5.59,4.32,,91.32,0,0,1,0,C2/c (15),C2/c (15),(Zn0.759Mn0.241)(Mn1.35Ni0.65)O4; NiO,92223;9866,0,C2/c,0,,Mn1.591Zn0.759Ni0.65O4 ICSD #92223 [ICSD 92223]; Mn2.024Zn0.326Ni0.65O4 ICSD #92222 [ICSD 92222],data/cifs/Automated_Refinement_Results/Mn4Zn3(NiO6)2/Mn4Zn3(NiO6)2.cif,c20ed4620b08714e175cb696f0661d4600beb7e8a672e556279a3571cc848fd3,True,data/cifs/Manual_Refinement_Results/Mn4Zn3(NiO6)2/Mn4Zn3(NiO6)2.cif,66a4b2dc93973d9747c6c79eff09a6e7b88d7cbd2338d2349ff694779da254c3,True,True
MgCuP2O7,main,confirmed,confirmed,confirmed,9.43,5.34,,,0,1,1,0,P-1 (2),P-1 (2),Mg2P2O7,20295,0,P-1,1,Mg0.5 Cu0.5,MgCuP2O7 A-Lab (automated) Prototype matches MgCuP2O7 Boukhari et al. (1990); Mg2P2O7 ICSD #20295 [ICSD 20295]; Cu2P2O7 ICSD #27436 [ICSD 27436],data/cifs/Automated_Refinement_Results/MgCuP2O7/MgCuP2O7.cif,7a57a0620f3ef31bd0ec4845fa1abbbd44bf805c7567871f1ea56bac3a98722c,True,data/cifs/Manual_Refinement_Results/MgCuP2O7/MgCuP2O7.cif,f90b0c9f7c9389ee6d036ec1a904a606ca87435b809eafb8399665c94960f768,True,True
Mn2VPO7,main,confirmed,confirmed,confirmed,3.21,2.89,,,1,0,1,0,Cm (8),Cm (8),Mg2P2O7 [sic printed; body text implies Mn2P2O7],47136,0,Cm,0,,Mn2P2O7  ICSD #47136 [ICSD 47136]; Mn2V2O7 ICSD #24321 [ICSD 24321],data/cifs/Automated_Refinement_Results/Mn2VPO7/Mn2VPO7.cif,5a4f3859c025b4c190d8698de2a16b72d08be54ccb5dc432e6ac0a938347383c,True,data/cifs/Manual_Refinement_Results/Mn2VPO7/Mn2VPO7.cif,082d8e4018a235af034ce5acb625a0bdde8ca999349c0d2b2437fbdd2f089014,True,True
MgTi4(PO4)6,main,confirmed,confirmed,confirmed,14.51,9.93,,88.21,0,0,0,1,R3 (146),R3 (146),Mg0.5Ti2(PO4)3,74287,0,R-3,0,,,data/cifs/Automated_Refinement_Results/MgTi4(PO4)6/MgTi4(PO4)6.cif,bf23aa80548e75959b1b296bcc1595fbb070d96c8d270957d96b6fb56b80a5df,True,data/cifs/Manual_Refinement_Results/MgTi4(PO4)6/MgTi4(PO4)6.cif,8666a2bd07db1ef91e0adb1eac0003183b5d307610c433ee010726dccb69e0c9,True,True
CaFe2P2O9,main,confirmed,confirmed,confirmed,2.34,2.44,75.8,72.32,0,0,0,0,Pnma (62),Pnma (62),NO MATCHES,,0,Pnma,0,,,data/cifs/Automated_Refinement_Results/CaFe2P2O9/CaFe2P2O9.cif,09b220e188f831f3e473e6b7dde99133469ac461956656a1e967608540b8fc68,True,data/cifs/Manual_Refinement_Results/CaFe2P2O9/CaFe2P2O9.cif,85fa04579dd7abde51fc4dd6f0ba10895967c1ad4c8d9846029a3429344725c9,True,True
Zr2Sb2Pb4O13,main,confirmed,confirmed,confirmed,8.2,7.78,,,0,0,1,0,Imm2 (44),Imm2 (44),Pb2(Zr;Sb)O6.5,62721,0,Imm2,0,,Sb2Pb2O7 ICSD #27120 [ICSD 27120],data/cifs/Automated_Refinement_Results/Zr2Sb2Pb4O13/Zr2Sb2Pb4O13.cif,ccd344f9398d804561d6955eddfbed127566a8f9ac63ff41982d65b5a9674e85,True,data/cifs/Manual_Refinement_Results/Zr2Sb2Pb4O13/Zr2Sb2Pb4O13.cif,2ca1d6e4240c07c3c1e8c4c0d929823e945131a7f1639b47f6b4cc305ea1adc7,True,True
FeSb3Pb4O13,main,confirmed,confirmed,confirmed,8.86,7.79,,95.42,0,0,1,0,R3m (160),R3m (160),Pb2(Fe;Sb)O6.5,60805,0,F-43m,1,Fe0.25 Sb0.75,Sb2Pb2O7 ICSD #27120 [ICSD 27120],data/cifs/Automated_Refinement_Results/FeSb3Pb4O13/FeSb3Pb4O13.cif,19362a02d7d7a9b6da03e4ad16f9585cda332299076c0a2fcde087a737e01d77,True,data/cifs/Manual_Refinement_Results/FeSb3Pb4O13/FeSb3Pb4O13.cif,0e4879dc64d09be791265df1976c051f1c9655547da6b6319d191cfb360594d2,True,True
Ba6Na2V2Sb2O17,main,confirmed,confirmed,confirmed,13.62,8.92,,88.18,1,0,0,0,P63mmc (194),P63mmc (194),BaNaVO4; NaVO3,130002;2103,0,P6_3/mmc,0,,,data/cifs/Automated_Refinement_Results/Ba6Na2V2Sb2O17/Ba6Na2V2Sb2O17.cif,6fd37dbdbac7182aae886d183bce172adbc080555909f8b2eae506f09a800a8f,True,data/cifs/Manual_Refinement_Results/Ba6Na2V2Sb2O17/Ba6Na2V2Sb2O17.cif,449ccb5bca427d72e777d085c8095a7b85632dbcecb3e64d76c3b8e7ef57ca48,True,True
MgV4Cu3O14,main,confirmed,confirmed,confirmed,5.64,4.35,,82.77,1,1,1,0,P1 (1),P1 (1),(Cu1.5Mg0.5)V2O7,69731,0,P1,0,,Cu2V2O7 ICSD #23479 [ICSD 23479],data/cifs/Automated_Refinement_Results/MgV4Cu3O14/MgV4Cu3O14.cif,c6dc9d98bbf2cd006a0085fd61ecb95c60a6ceacac4ba2c49c6f9f0077082b23,True,data/cifs/Manual_Refinement_Results/MgV4Cu3O14/MgV4Cu3O14.cif,d7cf192ed97af5cbfbfdc9b3383f000c44749efd3a3c6152cf66926a93711554,True,True
CaCo(PO3)4,main,confirmed,confirmed,confirmed,1.94,1.97,,,0,0,1,0,C2/c (15),C2/c (15),Co2P2O7; Ca3(PO4)2,2830;923,0,C2/c,0,,Co2(PO3)4 ICSD #300027 [ICSD 300027],data/cifs/Automated_Refinement_Results/CaCo(PO3)4/CaCo(PO3)4.cif,950b0eeb65c72a28ed3c2263d931a794dad723a7d6e61782e222a03dd5548d06,True,data/cifs/Manual_Refinement_Results/CaCo(PO3)4/CaCo(PO3)4.cif,f96be2b5f5f5956ad330af43d0a8150a6f0d14f0db250812cb5418c23ffa885b,True,True
K4TiSn3(PO5)4,main,confirmed,confirmed,confirmed,14.28,6.49,,77.91,1,0,0,0,P21 (4),P21 (4),K((Ti0.25Sn0.75)O)(PO4),250088,0,P2_1,0,,KTiPO5 ICSD #6199 [ICSD 6199]; KSnPO5 ICSD #79650 [ICSD 79650],data/cifs/Automated_Refinement_Results/K4TiSn3(PO5)4/K4TiSn3(PO5)4.cif,bae4d5dd43042645c7b40c0ec8aa97c78c7fb820bfd98ad254978766214a2990,True,data/cifs/Manual_Refinement_Results/K4TiSn3(PO5)4/K4TiSn3(PO5)4.cif,423b88eeeb3f7161e457616fadacecf11cfb9131ce03308806398d134777baaa,True,True
KPr9(Si3O13)2,main,confirmed,confirmed,confirmed,12.99,6.66,,81.55,1,1,0,0,P3 (143),P3 (143),Pr9.33Si6O32 (EVA),NA,0,P3,1,K0.1 Pr0.9,Pr9.33(Si3O13)2 [Felsche (1972)],data/cifs/Automated_Refinement_Results/KPr9(Si3O13)2/KPr9(Si3O13)2.cif,f61245ea1e36c45798c02f73a83035e5de5c8c1adbfce702db79c5c153843e80,True,data/cifs/Manual_Refinement_Results/KPr9(Si3O13)2/KPr9(Si3O13)2.cif,0ad3ca3dda35c89a716b885faaf8dc4deebfd357b6f4b92b78ebcebbbdb90509,True,True
KNaP6(PbO3)8,main,confirmed,confirmed,confirmed,18.75,9.44,,71.1,1,1,1,0,P3 (143),P63/m (176),(Na;K)Pb4(PO4)3; Pb8O5(PO4)2,182501;98702,0,P6_3/m,1,K0.25 Na0.25 Pb0.5,K2Pb8(PO4)6 ICSD #16351 [ICSD 16351]; Na2Pb8(PO4)6 ICSD #91793 [ICSD 91793],data/cifs/Automated_Refinement_Results/KNaP6(PbO3)8/KNaP6(PbO3)8.cif,d1ea43be0fd408907aa49f552ae2fd9ef8ce7f131f77135a4f3579635404d50b,True,data/cifs/Manual_Refinement_Results/KNaP6(PbO3)8/KNaP6(PbO3)8.cif,e10d12e20c4ca28ba5e2495a0cbd5c015908c04b494269b9fa58da6662d50e3b,True,True
MnAgO2,main,confirmed,confirmed,confirmed,7.31,3.89,,97.72,1,0,0,1,C2/m (12),C2/m (12),MnAgO2 [ALREADY KNOWN],139006,0,C2/m,0,,,data/cifs/Automated_Refinement_Results/MnAgO2/MnAgO2.cif,1da7871645b6eeb37442e4d4981ce768815a8b9fa49377a0917154988b6ce9b0,True,data/cifs/Manual_Refinement_Results/MnAgO2/MnAgO2.cif,8fb28e033da7c031b9ce5c86b6d577dd62851a13e6d3b44991cb717d88f62963,True,True
K2TiCr(PO4)3,main,confirmed,confirmed,confirmed,9.42,7.05,,93.79,0,0,1,0,P213 (198),P213 (198),K2Ti2(PO4)3; Cr2O3,202888;626479,0,P2_13,0,,KTi2(PO4)3 ICSD #23529 [ICSD 23529],data/cifs/Automated_Refinement_Results/K2TiCr(PO4)3/K2TiCr(PO4)3.cif,95464769786c3f4b871c7b82a8ef8ecc2211d970d413c33df6ba3d6dc1df8169,True,data/cifs/Manual_Refinement_Results/K2TiCr(PO4)3/K2TiCr(PO4)3.cif,cc1e5abfa4431cd86c57ce4e2adb4a06da186ea294800f3f3b538b8ab4a92c3a,True,True
MgTi2NiO6,main,confirmed,confirmed,confirmed,5.15,4.93,,96.53,0,0,1,0,R3 (146),R3 (146),(Ni0.5Mg0.5)TiO3; TiO,171583;38755,0,R3,0,,MgTiO3 ICSD #19786 [ICSD 19786]; NiTiO3 ICSD #79284 [ICSD 79284],data/cifs/Automated_Refinement_Results/MgTi2NiO6/MgTi2NiO6.cif,a0e4cbf5a94ec217a434417589584373078a7f1658056f08fd7119c51329b9b3,True,data/cifs/Manual_Refinement_Results/MgTi2NiO6/MgTi2NiO6.cif,21039d139344898e4b2c3778536c4341e29fed3177d67d567722a64d2bc6e814,True,True
K4MgFe3(PO4)5,main,confirmed,confirmed,confirmed,4.42,4.09,94.18,,1,0,0,0,Cc (9),Cc (9),K4MgFe3(PO4)5,161484,0,Cc,0,,K4Fe4(PO4)5 ICSD #290271 [ICSD 290271],data/cifs/Automated_Refinement_Results/K4MgFe3(PO4)5/K4MgFe3(PO4)5.cif,c78fe8c2f3ebc0c662c6129596cccde549683bd3dcae88919f5e199dd158e889,True,data/cifs/Manual_Refinement_Results/K4MgFe3(PO4)5/K4MgFe3(PO4)5.cif,1ebb35b1f1029d81eadb566ae41518d36d556ec42944991d2875843169e1dce1,True,True
InSb3(PO4)6,main,confirmed,confirmed,confirmed,8.55,6.17,22.59,22.8,,,,,Pc (7),Pc (7),Sb0.5In0.5(P2O7); Sb(Sb0.5In0.5)(PO4)3,166834;166835,0,Pc,0,,Sb2(PO4)3 ICSD #72735 [ICSD 72735],data/cifs/Automated_Refinement_Results/InSb3(PO4)6/InSb3(PO4)6.cif,1453ab9196026960b59c1472ca941a5968a79d9d73b36dc4929b4fc000952a55,True,data/cifs/Manual_Refinement_Results/InSb3(PO4)6/InSb3(PO4)6.cif,6a524ebbbd35fcd4dc5c3f7e69a410a25b2f08a765698bd2b028a6f46c6c68e9,True,True
Na3Ca18Fe(PO4)14,main,confirmed,confirmed,confirmed,11.88,4.29,,67.54,1,0,0,0,P1 (1),P1 (1),Na3Ca18Fe(PO4)14 [ALREADY KNOWN],85103,0,P1,0,,,data/cifs/Automated_Refinement_Results/Na3Ca18Fe(PO4)14/Na3Ca18Fe(PO4)14.cif,fac1967842190cc6147bbd0a17e0a9211d04790041ea52b5a6e83821c434576e,True,data/cifs/Manual_Refinement_Results/Na3Ca18Fe(PO4)14/Na3Ca18Fe(PO4)14.cif,e39603130869269f26310f28ea4a3f96e525c0bb9e1e5661a739665070040a8a,True,True
Zn3Ni4(SbO6)2,main,confirmed,confirmed,confirmed,4.17,3.76,55.18,74.74,,,,,C2/c (15),C2/c (15),Zn(Zn1.333Sb0.667)O4; NiO; NiSb2O6,173996;9866;426852,0,C2/c,1,Ni0.6666 Sb0.3333,Zn4Ni3(SbO6)2 ICSD #109467 [ICSD 109467]; Zn7(SbO6)2 ICSD #109464 [ICSD 109464],data/cifs/Automated_Refinement_Results/Zn3Ni4(SbO6)2/Zn3Ni4(SbO6)2.cif,c7508d38ceec55eb1c52e80821c2125600f33d8e2f41a0fa3b536310d1af21a9,True,data/cifs/Manual_Refinement_Results/Zn3Ni4(SbO6)2/Zn3Ni4(SbO6)2.cif,52a48547e19c2661e1fb6323a3a7c181cf94b50678abcdf2be8320224b88226a,True,True
NaMnFe(PO4)2,main,confirmed,confirmed,confirmed,3.21,1.81,78.85,75.66,1,0,0,0,P-1 (2),P-1 (2),Na2Mg2Fe(PO4)3,138263,0,P-1,0,,NaMnFe(PO4)2 ICSD #151483 [ICSD 151483]; Na8Mn8Fe4P12O48 ICSD #95725 [ICSD 95725]; Na4Mn4Fe8P12O48 ICSD #261050 [ICSD 261050],data/cifs/Automated_Refinement_Results/NaMnFe(PO4)2/NaMnFe(PO4)2.cif,34d812c239bfad05b65de252d76b608c35b433919a7ad944f6b8c53562c623f2,True,data/cifs/Manual_Refinement_Results/NaMnFe(PO4)2/NaMnFe(PO4)2.cif,95639e494db6f55c9f4735d0d9669abf5ece80146335c760bec264666c6a1798,True,True
KNaTi2(PO5)2,main,confirmed,confirmed,confirmed,13.79,9.04,,92.74,0,0,1,0,Pna21 (33),Pna21 (33),Na0.5(Na0.492K0.008)(TiO)(PO4),59284,0,Pna2_1,0,,K2Ti2(PO5)2 ICSD #6199 [ICSD 6199],data/cifs/Automated_Refinement_Results/KNaTi2(PO5)2/KNaTi2(PO5)2.cif,3bf19c60f7d842a681b2f27ba2aace4f05b65304a94c92b8640692013df91b24,True,data/cifs/Manual_Refinement_Results/KNaTi2(PO5)2/KNaTi2(PO5)2.cif,3ebc9c3a47010ee3481d04f15d719b507041a32b7d4016b9ac46035dbec066cd,True,True
Ba9Ca3La4(Fe4O15)2,main,confirmed,analysis,confirmed,15.16,5.5,90.07,41.74,,,,,P1 (1),P1 (1),Ba4.5Ca1.5La2Fe4O15,72336,0,P1,1,Ca0.429 La0.571,Ba9.95Ca2.05La4(Fe4O15)2 ICSD #69653 [ICSD 69653]; Ba12La4(Fe4O15)2 ICSD #40071 [ICSD 40071],data/cifs/Automated_Refinement_Results/Ba9Ca3La4(Fe4O15)2/Ba9Ca3La4(Fe4O15)2.cif,ba722ea7bfc6b7729f0e895aed7bc15f83c43b4492b35f334a70fc73168512d2,True,data/cifs/Manual_Refinement_Results/Ba9Ca3La4(Fe4O15)2/Ba9Ca3La4(Fe4O15)2.cif,d718dbbf9cd031e3c4898f9b8a068aee0813c276a3e879015c046426ac124917,True,True
Sn2Sb2Pb4O13,main,confirmed,confirmed,confirmed,12.55,7.14,,89.23,0,0,1,0,Imm2 (44),Imm2 (44),Pb2(Sn;Sb)O6.5,62722,0,Imm2,0,,Pb2Sn2O6 ICSD #15308 [ICSD 15308]; Pb2Sb2O7 ICSD #24246 [ICSD 24246],data/cifs/Automated_Refinement_Results/Sn2Sb2Pb4O13/Sn2Sb2Pb4O13.cif,17a6ac44197539c45366b2a6aa10b3be2dcacfe67c853f7f7803b655b19f7584,True,data/cifs/Manual_Refinement_Results/Sn2Sb2Pb4O13/Sn2Sb2Pb4O13.cif,fc5c58f0b5af66916899247ee793cde43fb5d608089b444295c337d753fa363d,True,True
Hf2Sb2Pb4O13,main,confirmed,confirmed,confirmed,7.6,5.98,,95.58,0,0,1,0,Imm2 (44),Imm2 (44),Pb2(Hf;Sb)O6.5; PbHfO3,62723;174110,0,Imm2,0,,Pb2Sb2O7 ICSD #24246 [ICSD 24246],data/cifs/Automated_Refinement_Results/Hf2Sb2Pb4O13/Hf2Sb2Pb4O13.cif,aaaef690d7abca7e491eb8e558a660a08014fcb622b38a7493c153dbc24dd554,True,data/cifs/Manual_Refinement_Results/Hf2Sb2Pb4O13/Hf2Sb2Pb4O13.cif,231082457a9b3c2c32c6aeff3d6be9c2b1180253285b303d067dcf3350fbe821,True,True
InSb3Pb4O13,main,confirmed,confirmed,confirmed,21.14,8.17,,61.65,0,0,1,0,R3m (160),R3m (160),Pb2(InSb)O6.5; In2O3,41119;14388,0,R3m,0,,Pb2Sb2O7 ICSD #24246 [ICSD 24246],data/cifs/Automated_Refinement_Results/InSb3Pb4O13/InSb3Pb4O13.cif,bd4d09ae5310ecc49b55ee451f188939ed09cf331e468637fc55d11f7465e240,True,data/cifs/Manual_Refinement_Results/InSb3Pb4O13/InSb3Pb4O13.cif,5f8df3973346ead946654ba8b75dcb335e1470e16903b05929e0e29b69551276,True,True
NaCaMgFe(SiO3)4,main,confirmed,confirmed,confirmed,2.61,2.36,,98.83,0,1,1,0,C2 (5),C2 (5),(Ca0.774Na0.226)(Mg0.901Fe0.099)Fe0.011(Si2O6),75294,0,C2,1,Na0.25 Ca0.25 Mg0.25 Fe0.25,,data/cifs/Automated_Refinement_Results/NaCaMgFe(SiO3)4/NaCaMgFe(SiO3)4.cif,cf42dd40e45bc094185ced4e6f27a47025271c4e2c96541563d08b86d1c77ab4,True,data/cifs/Manual_Refinement_Results/NaCaMgFe(SiO3)4/NaCaMgFe(SiO3)4.cif,9d3a8712e80a190a00fe3ac4528231758cc9e5f0591bd4f44e753f2487c8096b,True,True
Ba6Ta2Na2V2O17,main,,confirmed,confirmed,26.47,12.93,,63.38,1,0,1,0,P63mmc (194),P63mmc (194),BaNaVO4; NaVO3,130002;2103,0,P6_3/mmc,0,,"Ba6Ta2Na2V2O17 A-Lab (automated, 12H-type); Ba6Ta2Na2V2O17 [Quarez, et al. (2003), 12H-type]",data/cifs/Automated_Refinement_Results/Ba6Na2Ta2V2O17/Ba6Na2Ta2V2O17.cif,ff9eacf6c4551a0f36c416d41e5daf0b81e363b286400aa25bf5aab842ee76af,True,data/cifs/Manual_Refinement_Results/Ba6Na2Ta2V2O17/Ba6Na2Ta2V2O17.cif,f037e8404ef47ac0a35fe6b90a39d6fa207e7f6445724cdb8a2207861b7e404d,True,True
KNa2Ga3(SiO4)3,main,confirmed,analysis,confirmed,21.5,9.94,85.09,69.85,,,,,P21/c (14),P21/c (14),NaGaSiO4,46861,0,P2_1/c,0,,KGaSiO4 ICSD #46863 (KAlGeO4-type) [ICSD 46863]; NaGaSiO4 ICSD #411328 (KAlGeO4-type) [ICSD 411328]; NaGaSiO4 ICSD #46861 (beryllonite-type) [ICSD 46861],data/cifs/Automated_Refinement_Results/KNa2Ga3(SiO4)3/KNa2Ga3(SiO4)3.cif,92e01f4d253aec5ecfc52bf079baaf1adf9f7c33d88e0fb248a30a51af27499b,True,data/cifs/Manual_Refinement_Results/KNa2Ga3(SiO4)3/KNa2Ga3(SiO4)3.cif,da8aa7bd8fe576402aea6bdad1bac04b51d05ad10f6958830e68e1be72e4e57c,True,True
Ba2ZrSnO6,main,confirmed,analysis,confirmed,19.22,9.72,91.12,22.0,1,1,1,0,Fm-3m (225),Pm-3m (221),BaSnO3; Ba(Zr0.5Sn0.5)O3; SnO2; ZrO2,188149;43137;9163;66781,0,Pm-3m,1,Zr0.5 Sn0.5,BaSnO3 ICSD #188149 [ICSD 188149]; BaZrO3 ICSD #90049 [ICSD 90049],data/cifs/Automated_Refinement_Results/Ba2ZrSnO6/Ba2ZrSnO6.cif,6bbefe48a920eaff7c1d2281a1fef0f73a34d12b9f082ca64f0399816fd82a1a,True,data/cifs/Manual_Refinement_Results/Ba2ZrSnO6/Ba2ZrSnO6.cif,d341e349eee6ff2f1f41a01a4ce6d08af041186e21170d6be0743a60f8184fb2,True,True
CaMn(PO3)4,main,confirmed,confirmed,confirmed,4.47,4.87,,,0,0,1,0,C2/c (15),C2/c (15),Mn2P4O12,412558,0,C2/c,0,,Mn2(PO3)4 ICSD #412558 [ICSD 412558],data/cifs/Automated_Refinement_Results/CaMn(PO3)4/CaMn(PO3)4.cif,a80a40a0cf885e0bfd3a4a8342de1b303a2e8d3374feff210c67372015101af9,True,data/cifs/Manual_Refinement_Results/CaMn(PO3)4/CaMn(PO3)4.cif,2b474a17e8519eb0cdae521f19daafc4632a94945f428f4606b18ec64d6f9637,True,True
Na7Mg7Fe5(PO4)12,main,confirmed,analysis,confirmed,4.76,3.8,76.9,83.24,1,0,0,0,P1 (1),P1 (1),Na2Mg2Fe(PO4)3,138263,0,P1,0,,Na7.16Mg7.16Fe4.84(PO4)12 ICSD #281211 [ICSD 281211],data/cifs/Automated_Refinement_Results/Na7Mg7Fe5(PO4)12/Na7Mg7Fe5(PO4)12.cif,264dbace9200de544cac74e5aab8bdcde45747b8b601ade385625ef321e3bd5d,True,data/cifs/Manual_Refinement_Results/Na7Mg7Fe5(PO4)12/Na7Mg7Fe5(PO4)12.cif,e4dd881b548f4117a9fe6ea1b9c1e077b2cc8e84e41d6b8613dc90fe6ed224e8,True,True
KMn3O6,main,confirmed,analysis,confirmed,5.96,3.25,,64.88,1,1,1,0,C2/c (15),C2/m (12),K0.48Mn1.94O5.18,240249,0,C2/m,1,K0.5,,data/cifs/Automated_Refinement_Results/KMn3O6/KMn3O6.cif,8c3d30e092b807670bf7e108468fb6d8990863d6c3ecf7e7bea05917739b19ef,True,data/cifs/Manual_Refinement_Results/KMn3O6/KMn3O6.cif,ab468f4c84a65fb1f1d4bfad610b0e89f91017b590c4139cb9692b497a58c71c,True,True
CaNi(PO3)4,main,confirmed,confirmed,confirmed,5.34,2.71,92.19,67.78,0,0,1,0,C2/c (15),C2/c (15),CaNi3(P2O7)2; Ca2(P2O7),74046;14313,0,C2/c,0,,,data/cifs/Automated_Refinement_Results/CaNi(PO3)4/CaNi(PO3)4.cif,680053b8569806bb5511d1b233cd5a1cfc834c1e8731b5ec32ca4df703d120bd,True,data/cifs/Manual_Refinement_Results/CaNi(PO3)4/CaNi(PO3)4.cif,c6afee9dcbfe5a47c221121e7e384bee910376fd3047eeae45712a4cd4f7ba42,True,True
KBaPrWO6,main,confirmed,confirmed,confirmed,16.98,10.75,68.37,50.42,1,0,0,0,F-43m (216),F-43m (216),Ba11W4O23; Pr6O11 (EVA),418207;NA,0,F-43m,0,,,data/cifs/Automated_Refinement_Results/KBaPrWO6/KBaPrWO6.cif,3b60de47302201a8c54e8ac58715fb385f4f7981d364cf9080de0e1a0e07bb54,True,data/cifs/Manual_Refinement_Results/KBaPrWO6/KBaPrWO6.cif,35200c784ca993cb9f5b2b6f2feb017e9af81e284bb594d755121009c383a91e,True,True
CaGd2Zr(GaO3)4,inconclusive,inconclusive,inconclusive,inconclusive,9.2,3.1,66.51,20.73,,,,,P-1 (2),P-1 (2),Ca0.95Zr0.95Gd2.05Ga4.05O12,202850,0,P-1,0,,,data/cifs/Automated_Refinement_Results/CaGd2Zr(GaO3)4/CaGd2Zr(GaO3)4.cif,3fea6d6d8f33cfcbd35278402c4f2d33a61f4feba65d54b35ddb14615cd63809,True,data/cifs/Manual_Refinement_Results/CaGd2Zr(GaO3)4/CaGd2Zr(GaO3)4.cif,8757b2b90cb639e8617ba101cefb41ec3bfcc9f2b1f221bd305a92265b4dbaa1,True,True
KBaGdWO6,inconclusive,confirmed,inconclusive,inconclusive,14.78,3.44,39.7,9.94,,,,,F-43m (216),F-43m (216),Ba2GdWO6; Gd2O3,138973;40473,0,F-43m,0,,,data/cifs/Automated_Refinement_Results/KBaGdWO6/KBaGdWO6.cif,535f27fa720534342ed547da19a1eb4b44434fbf9d3a3105154eeb84958c41ea,True,data/cifs/Manual_Refinement_Results/KBaGdWO6/KBaGdWO6.cif,b80afe90e27adde12579c3a18813c64418185afa24c039cfa3edf31f9d565adf,True,True
Mn7(P2O7)4,inconclusive,inconclusive,inconclusive,inconclusive,4.09,2.61,37.31,39.29,,,,,C2221 (20),C2221 (20),Mn2(PO3)4,145534,0,C222_1,0,,,data/cifs/Automated_Refinement_Results/Mn7(P2O7)4/Mn7(P2O7)4.cif,70e27aed457ec6f59eca124882f3d0a5e9d1b97de08aa78774decea59ee07f91,True,data/cifs/Manual_Refinement_Results/Mn7(P2O7)4/Mn7(P2O7)4.cif,6b9244a9e71b286a7dcc6facdf084e46f94a4d0d27ba9cc05488c5c165dff64d,True,True
Mg3MnNi3O8,inconclusive,confirmed,inconclusive,inconclusive,9.83,3.25,,25.62,1,0,1,0,R-3m (166),R-3m (166),NiO; (Ni;Mn)(Ni;Mn)2O4,9866;84517,0,R-3m,0,,Ni6MnO8 ICSD #80301 [ICSD 80301]; Mg3MnNi3O8 ICSD #80306 [ICSD 80306],data/cifs/Automated_Refinement_Results/Mg3MnNi3O8/Mg3MnNi3O8.cif,0f67f6c39288b71bb733f7e6e591577a5c5c18cd6eb5475841dd22427303c683,True,data/cifs/Manual_Refinement_Results/Mg3MnNi3O8/Mg3MnNi3O8.cif,ae23223c83bc8b1d4923766dbb831aafc75e9af767add6bd7668c129ef3496e1,True,True
Y3Ga3In2O12,offline,confirmed,confirmed,"offline, not adjudicated",20.2,7.05,,63.47,1,0,0,1,Ia-3d (230),Ia-3d (230),Y3In2Ga3O12 [ALREADY KNOWN],54664,0,Ia-3d,0,,,data/cifs/Automated_Refinement_Results/Y3Ga3In2O12/Y3In2Ga3O12.cif,8f03c5aca723006e057d00a3e423c54eb296b04308fd7d2a08f7cd69df216341,True,data/cifs/Manual_Refinement_Results/Y3Ga3In2O12/Y3Ga3In2O12.cif,ae221e0a11af21a54b8f7cadf76765a4822fe7bd7f2993a27625a5a58e1a1128,True,True
Mg3NiO4,offline,confirmed,confirmed,"offline, not adjudicated",4.34,3.27,,,0,1,1,0,Pm-3m (221),Fm-3m (225),MgNiO2,290603,0,Fm-3m,1,Mg0.75 Ni0.25,MgNiO2 ICSD #290603 [ICSD 290603],data/cifs/Automated_Refinement_Results/Mg3NiO4/Mg3NiO4.cif,edfc88eefe8ea68510bf79b12352f076dcec7e2c0c657ac60b3180a212eabb96,True,data/cifs/Manual_Refinement_Results/Mg3NiO4/Mg3NiO4.cif,25a70760007202c153b3b756d451e56755feedb320eca1bd371340cb5fb7f6a5,True,True
Zn2Cr3FeO8,removed,,,removed,,,,,0,0,1,0,,,,,,,,,,,,False,,,False,
